{"PlayerName":"Player","PlayerHealth":100,"PlayerDead":false,"PlayerPosition":{"X":-11.458117485046387,"Y":-1.8469705764800893e-9,"Z":26.540000915527345}}